[
  {
    "id": "bfc952bf-e18d-46f7-82c3-db619aef2c2e",
    "data": [
      {
        "text": "Im done talking",
        "userDefined": false
      }
    ],
    "isTemplate": false,
    "count": 0,
    "lang": "en",
    "updated": 0
  },
  {
    "id": "e388e95a-93d8-4972-927f-5e1c1400dae6",
    "data": [
      {
        "text": "Im dont ranting",
        "userDefined": false
      }
    ],
    "isTemplate": false,
    "count": 0,
    "lang": "en",
    "updated": 0
  },
  {
    "id": "a47c5512-6c8a-4a1a-a29c-05927a5f9ba0",
    "data": [
      {
        "text": "Alright im done ranting",
        "userDefined": false
      }
    ],
    "isTemplate": false,
    "count": 0,
    "lang": "en",
    "updated": 0
  },
  {
    "id": "13002a04-4201-4336-b4e7-bc29376722c1",
    "data": [
      {
        "text": "I dont want to rant anymore",
        "userDefined": false
      }
    ],
    "isTemplate": false,
    "count": 0,
    "lang": "en",
    "updated": 0
  }
]