[
  {
    "id": "eb09f94d-8fba-4c1b-bd09-3e16d478e323",
    "data": [
      {
        "text": "tits",
        "userDefined": false
      }
    ],
    "isTemplate": false,
    "count": 0,
    "lang": "en",
    "updated": 0
  },
  {
    "id": "6bfcfb9e-8bed-4f25-b2cb-c17dc560a464",
    "data": [
      {
        "text": "nigger",
        "userDefined": false
      }
    ],
    "isTemplate": false,
    "count": 0,
    "lang": "en",
    "updated": 0
  },
  {
    "id": "d664b0ef-2fce-4216-9179-222cf28bb3f0",
    "data": [
      {
        "text": "tah ",
        "userDefined": false
      },
      {
        "text": "ma",
        "userDefined": false
      },
      {
        "text": " de",
        "userDefined": false
      }
    ],
    "isTemplate": false,
    "count": 0,
    "lang": "en",
    "updated": 0
  },
  {
    "id": "4d0f717e-0436-4fe9-90c0-ada9e1ee3ac1",
    "data": [
      {
        "text": "fucker",
        "userDefined": false
      }
    ],
    "isTemplate": false,
    "count": 0,
    "lang": "en",
    "updated": 0
  },
  {
    "id": "bded7dd9-1a70-4550-aa0e-d00ed83d3a1a",
    "data": [
      {
        "text": "cuntster",
        "userDefined": false
      }
    ],
    "isTemplate": false,
    "count": 0,
    "lang": "en",
    "updated": 0
  },
  {
    "id": "3640251b-349f-4f52-b737-dd11b812616c",
    "data": [
      {
        "text": "motherfucker",
        "userDefined": false
      }
    ],
    "isTemplate": false,
    "count": 1,
    "lang": "en",
    "updated": 0
  },
  {
    "id": "0f12d968-e2de-478d-8040-2b39a87d99a9",
    "data": [
      {
        "text": "kah ni na",
        "userDefined": false
      }
    ],
    "isTemplate": false,
    "count": 0,
    "lang": "en",
    "updated": 0
  },
  {
    "id": "4ffd1601-6352-4ed0-a84f-b2d07c84c3ac",
    "data": [
      {
        "text": "ta ma de",
        "userDefined": false
      }
    ],
    "isTemplate": false,
    "count": 0,
    "lang": "en",
    "updated": 0
  },
  {
    "id": "46ed5f26-b371-40fb-8437-ad284b8b41ce",
    "data": [
      {
        "text": "knn",
        "userDefined": false
      }
    ],
    "isTemplate": false,
    "count": 0,
    "lang": "en",
    "updated": 0
  },
  {
    "id": "9cdaef7b-177b-4abf-9ac1-74a4f5dc5cd5",
    "data": [
      {
        "text": "chee ",
        "userDefined": false
      },
      {
        "text": "bai",
        "userDefined": false
      }
    ],
    "isTemplate": false,
    "count": 0,
    "lang": "en",
    "updated": 0
  },
  {
    "id": "8c8f34db-4bcf-4b35-851d-c6417d167f1d",
    "data": [
      {
        "text": "fuck you",
        "userDefined": false
      }
    ],
    "isTemplate": false,
    "count": 0,
    "lang": "en",
    "updated": 0
  },
  {
    "id": "e4b4f8fb-3f61-4c01-b612-bb16b9a5a7de",
    "data": [
      {
        "text": "porn",
        "userDefined": false
      }
    ],
    "isTemplate": false,
    "count": 0,
    "lang": "en",
    "updated": 0
  },
  {
    "id": "4b83b238-10bf-4d4b-83b0-6e2cb5c5d33f",
    "data": [
      {
        "text": "nudes",
        "userDefined": false
      }
    ],
    "isTemplate": false,
    "count": 0,
    "lang": "en",
    "updated": 0
  },
  {
    "id": "b81379b9-82ae-4ce9-8d3f-0f76fde8905a",
    "data": [
      {
        "text": "nude",
        "userDefined": false
      }
    ],
    "isTemplate": false,
    "count": 0,
    "lang": "en",
    "updated": 0
  },
  {
    "id": "4847d4b1-0a22-4b1d-8bee-7c822b872622",
    "data": [
      {
        "text": "cock",
        "userDefined": false
      }
    ],
    "isTemplate": false,
    "count": 0,
    "lang": "en",
    "updated": 0
  },
  {
    "id": "1a1a8ebd-df66-4629-a9ab-61ec2144ce31",
    "data": [
      {
        "text": "Apa cok mau mu",
        "userDefined": false
      }
    ],
    "isTemplate": false,
    "count": 2,
    "lang": "en",
    "updated": 0
  },
  {
    "id": "f9f5d6c5-642a-4714-8a4f-e116fa0cdca4",
    "data": [
      {
        "text": "Kontol",
        "userDefined": false
      }
    ],
    "isTemplate": false,
    "count": 0,
    "lang": "en",
    "updated": 0
  },
  {
    "id": "86d2f126-7ef0-4a1e-b24f-2b4a8b954b58",
    "data": [
      {
        "text": "Posted ",
        "userDefined": false
      },
      {
        "text": "byu",
        "userDefined": false
      },
      {
        "text": "/",
        "userDefined": false
      },
      {
        "text": "fucknadav",
        "userDefined": false
      },
      {
        "text": " ",
        "userDefined": false
      },
      {
        "text": "5 years ago",
        "userDefined": false
      },
      {
        "text": " Hugz original ",
        "userDefined": false
      },
      {
        "text": "navy seal",
        "userDefined": false
      },
      {
        "text": " copypasta What the fuck did you just fucking say about me, you little bitch? I’ll have you know I graduated top of my class in the Navy Seals, and I’ve been involved in numerous secret raids on",
        "userDefined": false
      }
    ],
    "isTemplate": false,
    "count": 0,
    "lang": "en",
    "updated": 0
  },
  {
    "id": "00994cf5-7b5a-4138-adba-aff1a6fbf668",
    "data": [
      {
        "text": "Screw you",
        "userDefined": false
      }
    ],
    "isTemplate": false,
    "count": 0,
    "lang": "en",
    "updated": 0
  },
  {
    "id": "b6d75eed-67cf-43f1-a148-9a1f1cac6c6a",
    "data": [
      {
        "text": "Dumb bot",
        "userDefined": false
      }
    ],
    "isTemplate": false,
    "count": 0,
    "lang": "en",
    "updated": 0
  },
  {
    "id": "f939fb52-b1ee-4fb7-96a3-e2d0b9c40f82",
    "data": [
      {
        "text": "ur a piece of shit",
        "userDefined": false
      }
    ],
    "isTemplate": false,
    "count": 0,
    "lang": "en",
    "updated": 0
  },
  {
    "id": "b062cca6-d754-431a-bfd1-3d3edaca2667",
    "data": [
      {
        "text": "penis",
        "userDefined": false
      }
    ],
    "isTemplate": false,
    "count": 1,
    "lang": "en",
    "updated": 0
  },
  {
    "id": "d671c4a8-f340-4116-b96b-52645d988534",
    "data": [
      {
        "text": "vagina",
        "userDefined": false
      }
    ],
    "isTemplate": false,
    "count": 1,
    "lang": "en",
    "updated": 0
  },
  {
    "id": "9fab7094-52f7-4bac-9d38-41eeb14a7f78",
    "data": [
      {
        "text": "cunt",
        "userDefined": false
      }
    ],
    "isTemplate": false,
    "count": 0,
    "lang": "en",
    "updated": 0
  },
  {
    "id": "c4fda07c-7642-4ec4-b579-37fe0469a4f4",
    "data": [
      {
        "text": "i like small kids",
        "userDefined": false
      }
    ],
    "isTemplate": false,
    "count": 0,
    "lang": "en",
    "updated": 0
  },
  {
    "id": "efc33274-a667-4a18-adb8-a599e4fb194b",
    "data": [
      {
        "text": "titties",
        "userDefined": false
      }
    ],
    "isTemplate": false,
    "count": 0,
    "lang": "en",
    "updated": 0
  }
]