[
  {
    "id": "580fe7f7-618b-4bdf-9e61-34891276da9a",
    "data": [
      {
        "text": "i like to die",
        "userDefined": false
      }
    ],
    "isTemplate": false,
    "count": 0,
    "lang": "en",
    "updated": 0
  },
  {
    "id": "36c84497-dcd1-4fd8-9742-6bd7feeac278",
    "data": [
      {
        "text": "i want to kill myself",
        "userDefined": false
      }
    ],
    "isTemplate": false,
    "count": 2,
    "lang": "en",
    "updated": 0
  },
  {
    "id": "f3dd423b-022f-4da1-9365-78bffce1b8d1",
    "data": [
      {
        "text": "I want to end my life",
        "userDefined": false
      }
    ],
    "isTemplate": false,
    "count": 0,
    "lang": "en",
    "updated": 0
  },
  {
    "id": "11115bf0-bb61-437e-983a-229c2e4ec3ed",
    "data": [
      {
        "text": "I want to be gone forever",
        "userDefined": false
      }
    ],
    "isTemplate": false,
    "count": 0,
    "lang": "en",
    "updated": 0
  },
  {
    "id": "4b90974a-a50a-45a4-afde-82bf0b77a729",
    "data": [
      {
        "text": "I want to cut",
        "userDefined": false
      }
    ],
    "isTemplate": false,
    "count": 0,
    "lang": "en",
    "updated": 0
  },
  {
    "id": "507c6c47-93d7-4a4b-a618-d6a6081e54f5",
    "data": [
      {
        "text": "I want to cut myself",
        "userDefined": false
      }
    ],
    "isTemplate": false,
    "count": 0,
    "lang": "en",
    "updated": 0
  },
  {
    "id": "c5e29437-732b-4b08-a031-7d98537f31bc",
    "data": [
      {
        "text": "I want to self harm",
        "userDefined": false
      }
    ],
    "isTemplate": false,
    "count": 0,
    "lang": "en",
    "updated": 0
  },
  {
    "id": "1923b4b5-0aef-4c7c-aa36-b6d490726389",
    "data": [
      {
        "text": "I want to jump off a building",
        "userDefined": false
      }
    ],
    "isTemplate": false,
    "count": 0,
    "lang": "en",
    "updated": 0
  },
  {
    "id": "4e5dffd1-2bf2-449c-9d9d-7981669a516a",
    "data": [
      {
        "text": "I want to jump",
        "userDefined": false
      }
    ],
    "isTemplate": false,
    "count": 0,
    "lang": "en",
    "updated": 0
  },
  {
    "id": "1204fadd-7417-4380-a4c6-818b14065b49",
    "data": [
      {
        "text": "I just want to die",
        "userDefined": false
      }
    ],
    "isTemplate": false,
    "count": 0,
    "lang": "en",
    "updated": 0
  },
  {
    "id": "8c54e751-892a-4ca4-9bca-b5916accb043",
    "data": [
      {
        "text": "Who cares about me, just let me die",
        "userDefined": false
      }
    ],
    "isTemplate": false,
    "count": 0,
    "lang": "en",
    "updated": 0
  },
  {
    "id": "b397491b-c91e-47e7-8933-11393088a18a",
    "data": [
      {
        "text": "Can I die now",
        "userDefined": false
      }
    ],
    "isTemplate": false,
    "count": 0,
    "lang": "en",
    "updated": 0
  },
  {
    "id": "87a99fad-d2a4-4032-8222-18a9e270f900",
    "data": [
      {
        "text": "I hate my life",
        "userDefined": false
      }
    ],
    "isTemplate": false,
    "count": 0,
    "lang": "en",
    "updated": 0
  },
  {
    "id": "ae86bedf-926d-42c3-ac58-a7677cdede87",
    "data": [
      {
        "text": "I want to commit suicide",
        "userDefined": false
      }
    ],
    "isTemplate": false,
    "count": 0,
    "lang": "en",
    "updated": 0
  },
  {
    "id": "a3151de9-efee-4f49-8036-097ae84e0c80",
    "data": [
      {
        "text": "I want to die",
        "userDefined": false
      }
    ],
    "isTemplate": false,
    "count": 0,
    "lang": "en",
    "updated": 0
  },
  {
    "id": "dbbd8766-261e-42ad-84c7-955e8eaca3b2",
    "data": [
      {
        "text": "how do I tie a noose",
        "userDefined": false
      }
    ],
    "isTemplate": false,
    "count": 1,
    "lang": "en",
    "updated": 0
  },
  {
    "id": "e1e02af3-8d87-472d-9201-2bd80c31d00a",
    "data": [
      {
        "text": "do you know how to tie a noose?",
        "userDefined": false
      }
    ],
    "isTemplate": false,
    "count": 0,
    "lang": "en",
    "updated": 0
  },
  {
    "id": "cc34218b-f59e-4b19-927f-c0bb36c17228",
    "data": [
      {
        "text": "is everything i do a waste of time",
        "userDefined": false
      }
    ],
    "isTemplate": false,
    "count": 2,
    "lang": "en",
    "updated": 0
  }
]